id,username,created_at,lng,lat,text
1517722724130562048,eBAD2theBONE,Sat Apr 23 04:31:10 +0000 2022,-76.62048200000001,39.284712999999996,"One thing about oomfs, she gonna keep her a boyfriendüòÇüòÇüòÇüòÇ I ain‚Äôt even mad at her"
1517722724403007488,kat_El_Dale,Sat Apr 23 04:31:10 +0000 2022,-118.4119065,34.0207895,If a guy took me on a date and we went hiking I would absolutely love it. üò©
1517722726290632705,CarryitforwardN,Sat Apr 23 04:31:10 +0000 2022,-123.1224015,44.065621,Photo in front of Carry it Forward's ADA prototype SPOT shelter.
1517722726479372288,djgonzoWNCI,Sat Apr 23 04:31:10 +0000 2022,-82.985772,39.9946835,@LongTermHoldr @ODOT_Statewide @ODOT_Statewide has now costs me over $600. This is getting old.
1517722726529708038,HodgepodgeHoops,Sat Apr 23 04:31:10 +0000 2022,-84.433106,33.7671945,"Coolest part of the game, this lil kid kept dapping me up the whole game. During the 21-0 run I was sitting there l‚Ä¶ https://t.co/MD39S7f4ao"
1517722727427235840,cypress_soul,Sat Apr 23 04:31:10 +0000 2022,-75.117998,40.0048655,I'd have to go on private tho
1517722728157097985,querd4,Sat Apr 23 04:31:10 +0000 2022,-87.732013,41.8335845,The entry grade Nu Gundam is a must for beginner gunpla builders. A no-tools kit for around $15 . A great way to le‚Ä¶ https://t.co/PbpfbK91Cl
1517722730988146688,Princes81131880,Sat Apr 23 04:31:11 +0000 2022,-121.7215625,42.183009999999996,"@AlTheBoss03 Pickles, mustard and onions."
1517722730929561600,jane_jferguson,Sat Apr 23 04:31:11 +0000 2022,-79.861034,35.1704985,"@RustyRomanceVT @MikoMarks Lucky you. We cannot wait! Decatur, GA. cannot come fast enough!"
1517722731067977735,sudaneseheiress,Sat Apr 23 04:31:11 +0000 2022,-83.1738665,32.6782075,specific carti leaks and snippets be reminding me of certain people and they don‚Äôt even know it or know whycrazy
1517722732947025920,Coach_D37,Sat Apr 23 04:31:12 +0000 2022,-95.44648649999999,29.838495,@DownHereMia Bruh what?!? üòÇ
1517722733035065344,RebelT210,Sat Apr 23 04:31:12 +0000 2022,-98.5406515,29.417501,@LaramieDean @Gumby_Dave @ZientakbBrian @OlkaAAKH @hutcheyesun @biggestpuma @Surfinskatin Really?? I know Dave's fr‚Ä¶ https://t.co/x7a1C8CODC
1517722733542617088,SocialBiz_MC,Sat Apr 23 04:31:12 +0000 2022,-80.2581375,26.331723,@KTIPPP This is the silliest thing Disney‚Äôs marketing team has ever come up with ü§£ü§£ü§£ https://t.co/pBx4lyOiTF
1517722736310816768,Iovesicknayeon,Sat Apr 23 04:31:12 +0000 2022,-80.401725,26.103362,@ItsMe_our YA EBSTIE
1517722736742866949,AveryLawton8,Sat Apr 23 04:31:13 +0000 2022,-75.603224,43.9824445,@thatstarwarsgrl Legitimately just thought it was the trending list
1517722737665523717,revove22454,Sat Apr 23 04:31:13 +0000 2022,-87.382054,39.457639,@Choudary71 Good morning O.P. Choudary
1517722738433179649,shortieelow,Sat Apr 23 04:31:13 +0000 2022,-85.425011,31.232221000000003,i love people that can be real and raw without being afraid of judgement. that‚Äôs a great trait to have
1517722738764378112,MindDesignsASMP,Sat Apr 23 04:31:13 +0000 2022,-104.789327,38.8885185,@elonmusk You call yourself a leader with this tweet? You‚Äôre supposed to have some form of control over your pre-frontal cortex by now.
1517722740274479104,chrrrysoda,Sat Apr 23 04:31:13 +0000 2022,-73.9685415,40.780709,@FAUXFANGS imma call ur gf on u üôà
1517722749225086977,LiquorWindow,Sat Apr 23 04:31:15 +0000 2022,-82.40765300000001,40.079696999999996,@kimithemilfmom Private cam??!! Jimmy d
1517722752979030016,daveok1919,Sat Apr 23 04:31:16 +0000 2022,-73.3285305,40.694424,@SackUp_Sports Take a day off mate
1517722753276600320,Robkn79,Sat Apr 23 04:31:16 +0000 2022,-118.4119065,34.0207895,I want to see @BrickTysonxxx shoot for @SeeHimFuck
1517722754300141568,markdharris,Sat Apr 23 04:31:17 +0000 2022,-93.3407565,45.108095500000005,Uhh‚Ä¶ Bill Clinton anyone‚Ä¶
1517722755306827776,DariusChristop7,Sat Apr 23 04:31:17 +0000 2022,-92.6338345,32.5369,@arieslifee22 Congratulations üéâüéä
1517722755382325248,aleciaa54603929,Sat Apr 23 04:31:17 +0000 2022,-95.44648649999999,29.838495,@miles_commodore You got me on this one. I vaguely remember it but I can't remember the name.
1517722756749606914,MmaTwitr,Sat Apr 23 04:31:17 +0000 2022,-71.02134,42.256124,WHO IS THIS LEGEND
1517722757097611269,SashaNicolee25,Sat Apr 23 04:31:17 +0000 2022,-104.949845,39.9054745,"My best friend lives in PA, and I can‚Äôt seem to keep friends here. So meh. One day, right??"
1517722757198491648,HorsemanPhilly,Sat Apr 23 04:31:17 +0000 2022,-75.4839355,40.591825,@ForzaCorrado It was checked.
1517722757261410304,badgyolmya,Sat Apr 23 04:31:17 +0000 2022,-80.230358,26.1648645,Went from begging a nigga to &gt;&gt;&gt;&gt;&gt;&lt;&lt;&lt;&lt;&lt; to a nigga that loves and adores me I love it here ü•≥
1517722759639535617,ol_stully,Sat Apr 23 04:31:18 +0000 2022,-94.55867,39.1380905,@TheSoterios @daddyporterblog Doesn‚Äôt matter at all. I could be playing a 30 second loop of monkeys farting into tu‚Ä¶ https://t.co/zFsBAutFPq
1517722760268632064,DeniBerryNP,Sat Apr 23 04:31:18 +0000 2022,-100.0768885,31.1688935,@vinnie_childz @realDailyWire Hahaha!!! Exactly.
1517722761678004227,1stMusk,Sat Apr 23 04:31:18 +0000 2022,-80.8467855,35.209058999999996,@AlienToYou @4kjweed Glad I could somewhat help‚Ä¶I think.
1517722763208892417,RyWX6,Sat Apr 23 04:31:19 +0000 2022,-94.5592815,39.1000485,@LilyPetsDogs Legally she can't say no. It's already on the card
1517722764731428864,serinx_,Sat Apr 23 04:31:19 +0000 2022,-98.7130845,29.550182,I JUST SAW THE SADDEST TIKTOK ABOUT A DOG PASSING AWAY AND HERE I AM CRYING HOLDING LEO
1517722765024972800,SRTerrio_,Sat Apr 23 04:31:19 +0000 2022,-85.9785995,35.8305215,One game he the truth and the next game he ghost. Idk what‚Äôs wrong with him
1517722768330178560,MaxTweetFuckYou,Sat Apr 23 04:31:20 +0000 2022,-86.791549,36.200008,@LyleLovett Sam bush sighting
1517722769907191808,wackiejackie621,Sat Apr 23 04:31:20 +0000 2022,-82.6694675,40.365159500000004,Wordle 308 3/6‚¨úüü®‚¨ú‚¨ú‚¨úüü©‚¨ú‚¨úüü®‚¨úüü©üü©üü©üü©üü©
1517722770007678976,cmartinezTX,Sat Apr 23 04:31:20 +0000 2022,-122.4359785,37.7706565,I can‚Äôt believe I didn‚Äôt check Twitter for over 4 hours. That‚Äôs the longest I‚Äôve ever gone.
1517722771240808448,willielafrombo1,Sat Apr 23 04:31:21 +0000 2022,-120.8256355,38.692098,@leppo14wilt15 @Cole_Macedo18 Definitely was!
1517722771865825280,NuttBallz,Sat Apr 23 04:31:21 +0000 2022,-119.30660750000001,37.2691755,@BillyIdol How is your sinus infection?
1517722772058738689,SalemLynxDragon,Sat Apr 23 04:31:21 +0000 2022,-121.967821,37.370990000000006,@HellOwOITsMe Happy b-day!
1517722775661817859,hslichtman,Sat Apr 23 04:31:22 +0000 2022,-77.1951415,39.0201895,Weddle 35 - 5/8‚¨õ‚¨õ‚¨õ‚¨õüü®üü©‚¨õ‚¨õ‚¨õüü©üü©‚¨õüü®üü®‚¨õ‚¨õüü©üü©üü®üü©‚¨õ‚¨õ‚¨õüü©üü©üü©üü®üü©üü©üü©üü©üü©üü©üü©üü© https://t.co/Cd6B9C540C
1517722776798384128,VflexSports,Sat Apr 23 04:31:22 +0000 2022,-86.7894935,35.449538000000004,@BeaverSoftball @BeaverAthletics Told everyone it was going to be a barn burner!  Great softball.
1517722775955263489,Choreogerapher1,Sat Apr 23 04:31:22 +0000 2022,-77.0143985,38.898602999999994,"@CEOSONSON doing a #moodswingsmakeoverchallenge #moodswings #challenge #makeover get wit dis and show you a ""Boss b‚Ä¶ https://t.co/t7zRmkNgEr"
1517722777716887553,DegrassiGleeBoi,Sat Apr 23 04:31:22 +0000 2022,-117.319871,34.057348000000005,Yesss so excited. She won #TeamWillowPill #WillowPill  #DragRaceFinale #dragrace https://t.co/rM5IqIPyHL
1517722778157395970,jfreshakarico2,Sat Apr 23 04:31:22 +0000 2022,-96.87995749999999,32.924548,Hereee wwwweee goooouhh
1517722780959137793,Richardtoolbox,Sat Apr 23 04:31:23 +0000 2022,-74.7243235,40.073040500000005,@_JusMimi_ Either still inside or down the drain üôÑü§™ü§£ü§£
1517722780996976641,Coldpizzatx,Sat Apr 23 04:31:23 +0000 2022,-99.454676,27.532077,@emogamedotcom You‚Äôre not wrong.
1517722782385156096,DaGr8Brendinni,Sat Apr 23 04:31:23 +0000 2022,-120.882482,47.273022,@aresel_ @KimHinesSN @NWSAberdeen Intense. Way to keep your cool.
1517722782548692993,SILTHEWULF,Sat Apr 23 04:31:23 +0000 2022,-119.30660750000001,37.2691755,bitch im high as fuck at coachella
1517722781869174784,bbcgarcia,Sat Apr 23 04:31:23 +0000 2022,-115.223125,36.232915,You think we‚Äôd come to Vegas and not serve? Please. https://t.co/BWJ13Nmq2Q
1517722783685529602,DarkWorldArts,Sat Apr 23 04:31:24 +0000 2022,-97.754724,30.323345500000002,@Krypto_Koalas Thank you so much! I‚Äôm glad you appreciate it! Did you enter the giveaway? It‚Äôs my pinned!
1517722783718907904,NWMike,Sat Apr 23 04:31:24 +0000 2022,-122.205946,47.773496,@TravelTeslaDad I love all my Asian hotties following me. Gives me great ideas for breakfast. üòÇü§£ they always loves‚Ä¶ https://t.co/NaaC1DrJa3
1517722783433830401,ActivArmor,Sat Apr 23 04:31:24 +0000 2022,-104.622776,38.269549999999995,"""Wte think everyone should be able to wash their hands, especially during a global pandemic and needing a cast or a‚Ä¶ https://t.co/6JuQMqJIa1"
1517722788529938437,JakeC216,Sat Apr 23 04:31:25 +0000 2022,-81.84886,41.470205,Whale call is ok tnt #YEMSG
1517722788873842688,rodneyconyersjr,Sat Apr 23 04:31:25 +0000 2022,-76.89907249999999,39.0775575,@tischphotos Happy Bday Lord Tisch!! ü´°ü´°ü´°
1517722792019509248,nftqu33n,Sat Apr 23 04:31:26 +0000 2022,-73.9685415,40.780709,@taylordegods Brooo I got you
1517722792724025349,jpalmerdubs,Sat Apr 23 04:31:26 +0000 2022,-119.2289915,34.289689499999994,To emphasize: I don‚Äôt need to see your shitty ‚Äúboth sides‚Äù tweets in my timeline to understand how people oppose my‚Ä¶ https://t.co/8PT94psXrF
1517722793156165633,igTXSalazar,Sat Apr 23 04:31:26 +0000 2022,-95.44648649999999,29.838495,@DesperateChem @TheFirstOkiro It‚Äôs all a vision in a Force Cave
1517722793533534208,uawdawg230,Sat Apr 23 04:31:26 +0000 2022,-117.202,34.1185,"Just posted a photo @ Highland, California https://t.co/ACaf69aQ7R"
1517722794343075840,charhende,Sat Apr 23 04:31:26 +0000 2022,-121.9986445,37.973327,@montanez_22 Pineapple on pizza is a bad vibe!
1517722795089797123,JessBluemke,Sat Apr 23 04:31:26 +0000 2022,-89.2665075,39.7393005,Honestly I think #GoingDeep with @david_rees is the most under-appreciated show that‚Äôs ever been on television. It‚Äô‚Ä¶ https://t.co/Z87mPOM3x0
1517722795408453632,ast3r1_a,Sat Apr 23 04:31:27 +0000 2022,-117.60378299999999,34.0451585,@deywantarqui yess
1517722796440408064,SpectorRaven,Sat Apr 23 04:31:27 +0000 2022,-77.2369685,38.8051145,@JohnCena Happy birthday!!
1517722800676560896,Ayiro,Sat Apr 23 04:31:28 +0000 2022,-96.7617535,32.819858499999995,@sallismoney They tryna get Will up outta here üòÇüòÇ but smh
1517722801041518592,TKoppe22,Sat Apr 23 04:31:28 +0000 2022,-81.394759,30.193202999999997,Imagine being passionate about someone named Trevor Jacob? Everyone knows two first names name=serial killer or Y‚Ä¶ https://t.co/oEnmmEBW0m
1517722803742466051,LaramieDean,Sat Apr 23 04:31:28 +0000 2022,-118.4119065,34.0207895,Wishing Keith a speedy recovery!
1517722804455714816,TasteMyPride00,Sat Apr 23 04:31:29 +0000 2022,-83.1738665,32.6782075,My Boyy!! ü¶æü¶æ
1517722806712246272,TACourtney1,Sat Apr 23 04:31:29 +0000 2022,-77.1719965,38.884281,At dinner with the bishop I wore a tie for the last time inshallah
1517722806657896448,vanshnook,Sat Apr 23 04:31:29 +0000 2022,-73.9487755,40.655138,Subwaydle 84 (Weekend Edition) 3/6üü¢‚ö™üü¢‚ö™üü¢üü¢üü¢üü¢üü¢
1517722810352766976,averysteinman,Sat Apr 23 04:31:30 +0000 2022,-118.36964499999999,34.0870095,@imoffdax mine is hurting as i type this :/ i understand your pain and i'm sorry :(
1517722810667438085,CelesteS942012,Sat Apr 23 04:31:30 +0000 2022,-97.75137699999999,28.4099495,Unity/Equality between people
1517722813775241217,JakeDuarte43,Sat Apr 23 04:31:31 +0000 2022,-119.30660750000001,37.2691755,"Going to my buddies bachelor party tomorrow. We have to be at the dunes at 8am, this is what happens when your frie‚Ä¶ https://t.co/49IIDkhGcL"
1517722815256014848,ahimsadiet,Sat Apr 23 04:31:31 +0000 2022,-122.74,38.04,"Happy Earth day! üåé #govegan #sustainability @ Marin County, California https://t.co/mU25E3I1rE"
1517722816686161921,JoanPennnative,Sat Apr 23 04:31:32 +0000 2022,-83.804475,27.698681999999998,@CathyNotToday Agree. NIKKI showed bad judgement presumably to get some attention.I sent some $$$ to Christ
1517722816820531200,SSwiber,Sat Apr 23 04:31:32 +0000 2022,-91.0907995,30.4591,@BarstoolNOLA @SweatyEquities Nonsense. He outplayed Kobe in 2011 and would've won the series if West hadn't gotten hurt
1517722816862429184,YCLUSA_NY,Sat Apr 23 04:31:32 +0000 2022,-77.60468399999999,41.1179365,@johnbachtell @ThomasW423 @dawgalova @_c_perez If you are not able to see how in significant respects this is indee‚Ä¶ https://t.co/5KIHkYfFsz
1517722819395792896,therealjaebankz,Sat Apr 23 04:31:32 +0000 2022,-74.89176,40.0276765,Just Upgrade the bedroom TV from a 32 inch to 60 inch just to watch #90DayFiance and #LawAndOrderSVU lol
1517722819559309312,jessepstein,Sat Apr 23 04:31:32 +0000 2022,-74.20488950000001,40.807363499999994,Why I like living in NJ. Stay safe in your car at the gas station.
1517722823367675910,tabamatu,Sat Apr 23 04:31:33 +0000 2022,-117.8505745,33.8819225,@PeterMacCiarrai No bother. We've appreciated your support and if you've yet to try it then I consider it my duty t‚Ä¶ https://t.co/ZqqIeaNMew
1517722825192140803,test5geo1798,Sat Apr 23 04:31:34 +0000 2022,-122.416738,37.776796,TEST_PLACE: 4c0760f2-a7c8-43cd-bd6b-338b4e4f4021
1517722825511116800,EricStreetman,Sat Apr 23 04:31:34 +0000 2022,-84.644926,33.779824000000005,"@sunnydoozy Ohhh, abso-fucking-lutely."
1517722826119258118,Cyber_Trout,Sat Apr 23 04:31:34 +0000 2022,-74.7655825,39.183648000000005,"@YoDanno This respect for the past helped them, not only in PR, but by reaching out to the authors and creators, li‚Ä¶ https://t.co/iiavTJCbvA"
1517722828967014400,vabaddie97,Sat Apr 23 04:31:35 +0000 2022,-118.4119065,34.0207895,@itstherapdiablo @DrewAfualo Finally someone who said it
1517722830355509251,HopSunnyBunny,Sat Apr 23 04:31:35 +0000 2022,-77.017853,39.008349499999994,"When I figured out how this works, I decided to get into e-commerce ü§åüèæ https://t.co/S6eu3q5mLB"
1517722831378960384,footiusmaximus,Sat Apr 23 04:31:35 +0000 2022,-104.92209349999999,39.713563,@TheGarden @phish Let us know when Billy Joel does something similar
1517722832465055744,toni_thwd1,Sat Apr 23 04:31:35 +0000 2022,-122.16076749999999,47.4506245,"@JustAMomNamedMP Sadly, we have a society that does that to most of us, Melissa. I love you whatever your size üíó."
1517722833908117504,anotherr3deye,Sat Apr 23 04:31:36 +0000 2022,-84.53981250000001,39.137038000000004,@gracieabrams i. love. you. https://t.co/eE6OsZh0WW
1517722835027857408,Kaiosama_King,Sat Apr 23 04:31:36 +0000 2022,-121.294241,37.821569,@mu_mf_lan Call me Tookey Bravo ahaha https://t.co/de7xBWVhuO
1517722836294680579,_isssaa_,Sat Apr 23 04:31:36 +0000 2022,-90.011008,29.982601,One day one of these women are going to take me to the lake !
1517722838358052864,joaaanaas,Sat Apr 23 04:31:37 +0000 2022,-118.222017,33.8849685,jules &amp; pris are 2 girl that I‚Äôll give up my life for &lt;333
1517722840606277632,PaulaProgressiv,Sat Apr 23 04:31:37 +0000 2022,-111.6351495,35.18275,"@BexLamPharmd I feel this, love. Are you ok?"
1517722840560250880,colmmcsky,Sat Apr 23 04:31:37 +0000 2022,-97.754724,30.323345500000002,Wild Tinderbox! https://t.co/lMgYt7kgfx
1517722844498694144,PatrickFromFA,Sat Apr 23 04:31:38 +0000 2022,-76.1288105,43.052606999999995,Every damn song on this album is insane https://t.co/nWn7yxwpuG
1517722845295431682,TinaWil02921208,Sat Apr 23 04:31:38 +0000 2022,-122.455344,47.242960499999995,HAPPY THAT  HIS FRIEND MARRIED HIS SISTER ‚ù§Ô∏è‚ù§Ô∏è
1517722844934770688,Punk_N_Politics,Sat Apr 23 04:31:38 +0000 2022,-118.13196400000001,34.17731,Nobody puts in the work quite like @KingSerpentico keep fighting the good fight my man üòÇ https://t.co/yPWN5fr6Zj
1517722848760156161,Syl2944,Sat Apr 23 04:31:39 +0000 2022,-96.062561,41.1774495,@KevinOConnorNBA The Joker was wearing him out until her got tired.
1517722851222167553,DJJasonNagel,Sat Apr 23 04:31:40 +0000 2022,-93.2620465,44.9706105,@lakeshow73 And I got a sweeeet tshirt dude
1517722851654213632,colmmcsky,Sat Apr 23 04:31:40 +0000 2022,-97.754724,30.323345500000002,And some post-show crispy rice! https://t.co/w4ucyREtjk
1517722852891316224,AimeeMonahan,Sat Apr 23 04:31:40 +0000 2022,-117.7300055,33.560742000000005,@KierstenWarren I love that plate! So pretty ‚ù§Ô∏è
1517722853134667777,ladybirrrd,Sat Apr 23 04:31:40 +0000 2022,-114.03115,46.8791,@liveandletdyke Im thinking of getting it!
1517722853302358016,cornejoelii,Sat Apr 23 04:31:40 +0000 2022,-118.4119065,34.0207895,i can‚Äôt wait for my bf to come &amp; cuddle me all night
1517722854183350272,meetdaconnect13,Sat Apr 23 04:31:41 +0000 2022,-80.2497725,26.270260999999998,Send that boy something to make him come back home quick
1517722854900617217,KLoniSky,Sat Apr 23 04:31:41 +0000 2022,-71.0887125,42.3136695,All that foolishness going on in Florida let's me know I should never set foot in that state again. It's not safe f‚Ä¶ https://t.co/eLpI0ARym6
1517722855416516610,VanCarlito2003,Sat Apr 23 04:31:41 +0000 2022,-97.1356375,32.70185,#TheFlightAttendant would‚Äôve been dead in real life already! ü§£üòÇ
1517722855907147779,InklingObituary,Sat Apr 23 04:31:41 +0000 2022,-82.6694675,40.365159500000004,@Borderlands Nintendo switch version of borderlands 3 when?
1517722859833020417,564600,Sat Apr 23 04:31:42 +0000 2022,-118.38908,34.0818,Been coming here for the past ten years and it never fails. Love this place ! Best pasta in LA.#dantannas #peroni‚Ä¶ https://t.co/tsAVlTyHu2
1517722861917646849,TheVanityLuxe,Sat Apr 23 04:31:42 +0000 2022,-71.0887125,42.3136695,@aiyanaish Wait‚Ä¶
1517722863112900608,kilroyrogers,Sat Apr 23 04:31:43 +0000 2022,-118.4119065,34.0207895,@mikepompeo Parents are more educated than educators? Would that that were true.
1517722863716904960,Patrickrazzi,Sat Apr 23 04:31:43 +0000 2022,-119.30660750000001,37.2691755,I choose bass over death every time
1517722865180844033,KammTheDon,Sat Apr 23 04:31:43 +0000 2022,-84.433106,33.7671945,@hoepapi i‚Äôm with you when you right ü§£
1517722866069823488,kingkelechi63,Sat Apr 23 04:31:43 +0000 2022,-118.75462999999999,34.1470785,fantastic beasts was a great movie
1517722866128666626,ReclusiveMahl,Sat Apr 23 04:31:43 +0000 2022,-87.732013,41.8335845,@QPBJ where is the clip?
1517722866694950912,colmmcsky,Sat Apr 23 04:31:44 +0000 2022,-97.754724,30.323345500000002,Good times! https://t.co/chJXOe93NY
1517722869459038210,amelieoheron,Sat Apr 23 04:31:44 +0000 2022,-98.5406515,29.417501,Love ‚Äúgetting work done‚Äù
1517722869865668609,uterverse,Sat Apr 23 04:31:44 +0000 2022,-118.40899,34.0060125,I‚Äôm shouldn‚Äôt be tweeting on a Saturday night
1517722868523560960,Choreogerapher1,Sat Apr 23 04:31:44 +0000 2022,-77.0143985,38.898602999999994,"@CEOSONSON doing a #moodswingsmakeoverchallenge #moodswings #challenge #makeover get wit dis and show you a ""Boss b‚Ä¶ https://t.co/U549svabhA"
1517722870331416578,ChrisWasselDFS,Sat Apr 23 04:31:44 +0000 2022,-74.280358,40.6098335,@ChelenaGoldman @Marisa_Ingemi It‚Äôs worth it
1517722873514893312,SheenTennantFan,Sat Apr 23 04:31:45 +0000 2022,-83.1738665,32.6782075,"@Catastrfy Happy to help! They were very affordably priced, I thought - for six pots! And they came with the little‚Ä¶ https://t.co/T6vB4Nz7G4"
1517722873988894721,4thQtr_Ninja,Sat Apr 23 04:31:45 +0000 2022,-82.5670075,35.5390725,Yeah like the rich would even distribute  it lol
1517722874076934144,debllamb,Sat Apr 23 04:31:45 +0000 2022,-81.7947,26.1418,"Rising Interest rates make your monthly payments rise considerably, so waiting is not a great option for many buyer‚Ä¶ https://t.co/RpFqthuGQN"
1517722874412363776,adamawrites,Sat Apr 23 04:31:45 +0000 2022,-122.3001295,47.827984,WILLOW FUCKING PILL!!! üíôLast Camden still has my whole heart. ‚ù§Ô∏è
1517722875981094913,shayvsjen,Sat Apr 23 04:31:46 +0000 2022,-83.804475,27.698681999999998,üòÇüòÇüòÇüòÇüòÇthis hoe so funny
1517722877562294272,CardsBBFan,Sat Apr 23 04:31:46 +0000 2022,-118.9188865,34.188478,"2112 Overture, Limelight and Subdivisions"
1517722879499980800,KellySeidlitz,Sat Apr 23 04:31:47 +0000 2022,-118.72889699999999,34.024097499999996,"Lies, gaslighting, projection, hypocrisy, and obstruction - the bedroom of the radicalized Republican Party"
1517722879386861568,DriskellJoshua,Sat Apr 23 04:31:47 +0000 2022,-76.2064525,42.5766,Still working on the bod while traveling https://t.co/ym40QFWqz8
1517722882482221056,TrinityMount,Sat Apr 23 04:31:47 +0000 2022,-121.967821,37.370990000000006,Have you seen this child? Kaiden Coran https://t.co/hKEr6NLnem
1517722884856180736,thejerrymontano,Sat Apr 23 04:31:48 +0000 2022,-118.325145,34.182159999999996,Here is our schedule for the next few months. https://t.co/kXh5AnasuB @StephenEPearcy #ratt #stephenpearcy‚Ä¶ https://t.co/lZS5a9CLn5
1517722886261379072,ICPDActivityBot,Sat Apr 23 04:31:48 +0000 2022,-91.53706199999999,41.6473535,WHITE SUV 1095 DOG#22057536
1517722886747963398,MackMayback,Sat Apr 23 04:31:48 +0000 2022,-82.679232,28.032647500000003,"WHO worse me or drake ‚Ä¶ @PUSHA_T ain‚Äôt know we was fucking the same girl, or that you were scarred of me fucking here."
1517722887070916608,Frimpon,Sat Apr 23 04:31:48 +0000 2022,-118.1567105,33.809171500000005,May I please wake up to an Arsenal win tomorrow.
1517722888903839744,js_theriver,Sat Apr 23 04:31:49 +0000 2022,-90.5294835,38.475871999999995,@saraevansmusic Hiking your leg on a tree
1517722889490948096,HazyChefKenDroo,Sat Apr 23 04:31:49 +0000 2022,-76.62048200000001,39.284712999999996,I love a hairy ass bruh
1517722889943924736,igTXSalazar,Sat Apr 23 04:31:49 +0000 2022,-95.44648649999999,29.838495,@LeahyMichael43 It‚Äôs not. Just a force vision.
1517722891219087361,CindyMcFEARson,Sat Apr 23 04:31:49 +0000 2022,-90.011008,29.982601,Pels did that dumb shit. Hopefully they get it together Sunday
1517722891332292612,Change4Change0,Sat Apr 23 04:31:49 +0000 2022,-85.5656885,42.290524000000005,"@nickrmanes I can't say that this is not right, but the opinions expressed in the article are just that. Speculatio‚Ä¶ https://t.co/6l8KJNiZg2"
1517722894788300805,Mattwizy,Sat Apr 23 04:31:50 +0000 2022,-117.104989,32.810012,Padre fans getting slept in there own backyard üò≠üò≠
1517722894717050880,rayabruzzi,Sat Apr 23 04:31:50 +0000 2022,-73.766756,43.066929,"@mikepompeo Sure, treason weasel. So, that‚Äôs 100M individualized curricula per year with 1 teacher per student, rig‚Ä¶ https://t.co/M7azhzfCF1"
1517722895014789120,zoeyxsinn,Sat Apr 23 04:31:50 +0000 2022,-118.4119065,34.0207895,@jainuday14 I am! Just shaken up
1517722895224430592,ChargeGoGroup,Sat Apr 23 04:31:50 +0000 2022,-118.4119065,34.0207895,@AndyGiesbrecht1 @elonmusk @elonmusk will Mars Day be 4/20?
1517722896445186049,TheMonse_,Sat Apr 23 04:31:51 +0000 2022,-73.1534595,40.881978000000004,@Perfait_ LMFAOOO GO TO BED
1517722896948473856,WR4NYGov,Sat Apr 23 04:31:51 +0000 2022,-80.2497725,26.270260999999998,@TheCleanFuture ‚ÄúIn an organic way‚ÄùI don‚Äôt know what this means. What‚Äôs an inorganic way to find a wife?
1517722897141411840,Shamele72777451,Sat Apr 23 04:31:51 +0000 2022,-81.7148955,26.706266499999998,@Booker4KY Afraid of coming out
1517722897565077504,R1ckterScale,Sat Apr 23 04:31:51 +0000 2022,-86.791549,36.200008,@ckssense @ChaseOnGame There it is. 2-1 for CC
1517722898324144128,Britt__Jan,Sat Apr 23 04:31:51 +0000 2022,-81.2831215,28.784184,@8433any Oh come on. It‚Äôs us!
1517722898005299202,hodgestradamus,Sat Apr 23 04:31:51 +0000 2022,-105.5508905,38.997935999999996,Keep it trill. https://t.co/OjPqRHmY3T
1517722900677246978,WlTCHOFTHEWASTE,Sat Apr 23 04:31:52 +0000 2022,-96.991828,33.042437,let her hit it?
1517722900807270400,TesLatino,Sat Apr 23 04:31:52 +0000 2022,-80.2948925,26.1566185,@carlosfelipe71 @AaronS5_ @ChrisjonesLee It was a pleasure to meet you. ¬°Saludos!
1517722901293768708,OfficialDurrell,Sat Apr 23 04:31:52 +0000 2022,-84.433106,33.7671945,@Brklyn_kidd Happy Birthday
1517722901268471808,mrbran214,Sat Apr 23 04:31:52 +0000 2022,-111.928142,33.392883999999995,@EASPORTS_MUT @Larry_Csonka39 @CarlBanksGIII I wish they made Carl banks SS golden ticket this year
1517722901276807168,ACMru_,Sat Apr 23 04:31:52 +0000 2022,-118.48042000000001,34.022688,I hate my life and I hate Man United https://t.co/xLlPh9R2kU
1517722902518394880,MichaelWalchalk,Sat Apr 23 04:31:52 +0000 2022,-112.12467649999999,33.5528625,Monty hates timeouts
1517722902371704834,JosephR49251841,Sat Apr 23 04:31:52 +0000 2022,-99.454676,27.532077,Deadpool said to John wick Deadpool: John hug me https://t.co/zdqYNfTEaH
1517722903596445698,twitnickk,Sat Apr 23 04:31:52 +0000 2022,-95.44648649999999,29.838495,i‚Ä¶. want us to make it
1517722907656478720,mckinleyville_,Sat Apr 23 04:31:53 +0000 2022,-81.1096165,32.0172845,Is there sadness behind that smile? Cover ups don't last long.
1517722909015429122,IrishmanInWV,Sat Apr 23 04:31:54 +0000 2022,-80.18183450000001,38.9201425,@EffieGib Hope they get better. Sad to see they got scared.  Many older people did. They fell for the lies.
1517722909669830656,WTFCKJAY,Sat Apr 23 04:31:54 +0000 2022,-73.9487755,40.655138,He sneak dissing that Nigga a bum !
1517722910101696512,dela_sol11,Sat Apr 23 04:31:54 +0000 2022,-104.92209349999999,39.713563,@nellaalexis LOLZZZZZ
1517722911469182980,michaelbathurst,Sat Apr 23 04:31:54 +0000 2022,-79.2725695,43.629311,Weekend Wisdom Worth Following ‚ú®üá®üá¶üá∫üá∏üá¨üáßüôèüëá#SaturdayVibes #WEEKENDSMILE @TonyTon163 @markgo241 @ashpauls‚Ä¶ https://t.co/9S0FNomfk1
1517722913230761984,b_long79,Sat Apr 23 04:31:55 +0000 2022,-87.920083,41.172804,Oh man how cool
1517722913864040448,iceprincecgapps,Sat Apr 23 04:31:55 +0000 2022,-95.99017549999999,30.083158,I just know next season finna be called ‚ÄúBLOOD BATH‚Äù #SnowfallonFx
1517722914119901190,RandyPobst,Sat Apr 23 04:31:55 +0000 2022,-122.3308,47.6046,"Just posted a photo @ Seattle, Washington https://t.co/NbuMcpLhZ0"
1517722914694602753,clifford4five6,Sat Apr 23 04:31:55 +0000 2022,-78.3515335,43.8756855,@Sinfulskin2 Not likely
1517722914841403392,ArchTheFox,Sat Apr 23 04:31:55 +0000 2022,-83.804475,27.698681999999998,@FizzDurr Wait nvm oh God it's weird now
1517722914748964864,mirandaag_,Sat Apr 23 04:31:55 +0000 2022,-117.975154,34.094001,alexa play crank that by soulja boy
1517722916447682560,Oldgriz64,Sat Apr 23 04:31:55 +0000 2022,-110.9155735,32.1893905,"@POTUS You need to increase oil production in the United States, Joe, and stop this insane green new deal that is k‚Ä¶ https://t.co/oL7HqsnO4g"
1517722917093715968,JonahJavad,Sat Apr 23 04:31:56 +0000 2022,-90.081904,29.949003,"Everyone in the building knows what Chris Paul is gonna do and the spots he‚Äôs trying to get to. And for 84 years, n‚Ä¶ https://t.co/6mvdytHiL1"
1517722917483732994,JohnLaws336,Sat Apr 23 04:31:56 +0000 2022,-81.1309385,36.1595345,@LarryMac28 is back! Going to be a great show tomorrow for sure. Good luck @JEarnhardt1. Hello from North Wilkesbor‚Ä¶ https://t.co/r04SGLaSMN
1517722918700163072,FrankieJay__,Sat Apr 23 04:31:56 +0000 2022,-96.7617535,32.819858499999995,Trae Young üî•
1517722919836790784,NobleBill34,Sat Apr 23 04:31:56 +0000 2022,-85.0144725,41.6287,Passion regained. I get to play Dan.
1517722920113655811,ThaDangerousOne,Sat Apr 23 04:31:56 +0000 2022,-87.817402,41.829648500000005,The Bulls losing is almost worth it to see y'all dragging Tristan Thompson https://t.co/XquXFD4l31
1517722921036390400,AngryHalfMiler,Sat Apr 23 04:31:56 +0000 2022,-100.0768885,31.1688935,I just watched the movie ‚ÄúAmbulance‚Äù lots of action
1517722924668444673,__bettydigital,Sat Apr 23 04:31:57 +0000 2022,-123.123581,49.257639,Bored of being sober and raw dogging reality‚Ä¶‚Ä¶.
1517722924769325056,pratt_up,Sat Apr 23 04:31:57 +0000 2022,-85.242564,35.0919545,@haybay42 Good night love you friend ‚ù§Ô∏è‚ù§Ô∏è‚ù§Ô∏è best BUDDIE FOREVER üíñüíñüíñüíñ!
1517722925251637248,realjohngill,Sat Apr 23 04:31:57 +0000 2022,-91.40100849999999,30.937336000000002,Thinking about the time my room mate said ‚Äúyou should get a second controller so we can play 2 player games‚Äù in an‚Ä¶ https://t.co/7nzyipsjTF
1517722926593753091,DJJasonNagel,Sat Apr 23 04:31:58 +0000 2022,-93.2620465,44.9706105,@ChadHartmanShow Agreed
1517722928460169217,Straticus2,Sat Apr 23 04:31:58 +0000 2022,-116.5172895,33.8250795,"@S3333Angel Lol! I've NEVER known anyone braver or more courageous than a mad, sassy drag queen :) Throwing shade i‚Ä¶ https://t.co/ilmbW1oriT"
1517722928737046528,MekaPye100,Sat Apr 23 04:31:58 +0000 2022,-83.8312995,34.3006325,@your_Mr_Wright Most grown women have robes
1517722928279740416,BlackTravelBae,Sat Apr 23 04:31:58 +0000 2022,-115.173501,36.109475,"The fact that you all pay attention to the things I like, and first date gifts are continuing to get better. üò´ü•∞ I h‚Ä¶ https://t.co/XZWbosu9Ud"
1517722927726317570,BAOSPodcast,Sat Apr 23 04:31:58 +0000 2022,-79.9195185,43.832313,"Easily, some of the dopest and most consistent beers brewed in this fine country come out of Ontario‚Äôs‚Ä¶ https://t.co/cP508mA5nn"
1517722929156435968,UpIrony,Sat Apr 23 04:31:58 +0000 2022,-118.4119065,34.0207895,Can‚Äôt stop the feeling üçÑ üçÑ @deadheads_nft #skulltrooper #deadheads https://t.co/OZACNixte6
1517722932604190720,ChrisSmithATC,Sat Apr 23 04:31:59 +0000 2022,-89.87644900000001,32.571032,@TreemanFreeman gonna need to trade that drum stick for a spatula! ü•ûü•ûü•û
1517722932759441408,BobbyTheBluesMa,Sat Apr 23 04:31:59 +0000 2022,-94.875906,39.072262,@Simone6516 @LordLP89 @DrLylePLysol I am an aspiring blues guitar player and singer and spend much of my spare time‚Ä¶ https://t.co/6csQd70EMK
1517722937343848450,ampersamp,Sat Apr 23 04:32:00 +0000 2022,-97.754724,30.323345500000002,@marcmaron @ParamountAustin @MoontowerComedy Great set! I work in public health so THANK YOU for your vaccine bit!‚Ä¶ https://t.co/mKX8r9rcHG
1517722937205440515,QuincyNelson,Sat Apr 23 04:32:00 +0000 2022,-81.6988865,28.0173055,@Andie00471 My son on the right earned his Eagle Scout. My daughter in the middle earned her Gold Award (it‚Äôs the G‚Ä¶ https://t.co/sAI1yyNHLh
1517722938966958081,YNOTngl,Sat Apr 23 04:32:01 +0000 2022,-73.97719029,40.76149865,#banksy lets save her. #ynotngl @ MoMA The Museum of Modern Art https://t.co/CItuITy6qw
1517722939927400448,John68Richmond,Sat Apr 23 04:32:01 +0000 2022,-123.6645375,49.4611975,Sam Sullivan says folks with substance use challenges need community supports/ interventions then get out of the way #disabilityawareness
1517722940804149248,Michael26414236,Sat Apr 23 04:32:01 +0000 2022,-82.36273249999999,27.709769,You suck on all levels Lola Mr. Bird I think about you taking orders from a Barack Obama you racist piece of s***
1517722941777195009,amERICanHog,Sat Apr 23 04:32:01 +0000 2022,-92.13127399999999,34.7519365,@SteakhouseWPS @dustyslay He‚Äôll blow up after being on Netflix. I love watching them grow
1517722943333502976,Leonard68823225,Sat Apr 23 04:32:02 +0000 2022,-74.42890650000001,40.5012355,@CherchezLaPorsh @SUPERB is DJ MR LEN on RAWKUS RECORDS (Casera DJ) DeadlyVenoms PAT STEELE #WEDONTNEEDNOHOOK SHAQs‚Ä¶ https://t.co/nQoRjig2Jg
1517722944193052672,diciembresietee,Sat Apr 23 04:32:02 +0000 2022,-95.44648649999999,29.838495,I hate going to the rr when I‚Äôm drunk and realizing I‚Äôm drunk
1517722943169564673,Choreogerapher1,Sat Apr 23 04:32:02 +0000 2022,-77.0143985,38.898602999999994,"@CEOSONSON doing a #moodswingsmakeoverchallenge #moodswings #challenge #makeover get wit dis and show you a ""Boss b‚Ä¶ https://t.co/e1rOvxU0LK"
1517722946458030080,UrsineNoir,Sat Apr 23 04:32:03 +0000 2022,-77.0143985,38.898602999999994,This is giving very much ‚Äúrooftop day party EVERY Saturday this summer.‚Äù‚Ä¶‚Ä¶‚Ä¶‚Ä¶‚Ä¶and Sunday.
1517722946747392000,pupsMama7,Sat Apr 23 04:32:03 +0000 2022,-83.804475,27.698681999999998,@Gr3Te4rights @CabalClair @everhopeful2009 @operadame @HeatherBlatta @rjkroupa @AweThatSparkle @CRodia19116‚Ä¶ https://t.co/FEYO65pbBH
1517722948299223040,DevilPhx,Sat Apr 23 04:32:03 +0000 2022,-112.12467649999999,33.5528625,Torrey Craig is a shifty player and should not be on the court.
1517722951025573888,JFrankleKSC,Sat Apr 23 04:32:04 +0000 2022,-80.7318815,28.313804,Think the IRS just yeeted most of my tax return üôÑ
1517722952099188736,StudioV1k1,Sat Apr 23 04:32:04 +0000 2022,-121.9516095,36.974948499999996,@CryptoStorm__ Amen to that üôè boycott dating apps ‚úä
1517722952195739648,alicialuvssfg,Sat Apr 23 04:32:04 +0000 2022,-121.469664,38.561722,"@teto10_6 Also my first game last season was dodgers giants at the dodgers, in the beginning of the year, and the d‚Ä¶ https://t.co/h6xSj2Fm9P"
1517722952158126081,big_mich_energy,Sat Apr 23 04:32:04 +0000 2022,-87.732013,41.8335845,"I know I‚Äôm a menace to society, because when I started working at my new bar, I was confused that this hot man didn‚Ä¶ https://t.co/8uCZfHHALT"
1517722952896180224,kushibo,Sat Apr 23 04:32:04 +0000 2022,-119.30660750000001,37.2691755,"@anxhyn If people give me crap about wearing a mask, I‚Äôll tell them it‚Äôs for their protection because I have Zika."
1517722953328128000,ciaranavarro_,Sat Apr 23 04:32:04 +0000 2022,-105.12331950000001,39.685852,I cannot get over the @blankemusic remix to Walk Me Home üò≠üò≠üò≠üò≠üò≠
1517722953651159040,kingkelechi63,Sat Apr 23 04:32:04 +0000 2022,-118.75462999999999,34.1470785,imma need my bawls sucked üê£üíØ
1517722955072958465,PrellersBurner,Sat Apr 23 04:32:05 +0000 2022,-117.104989,32.810012,I don‚Äôt feel great about our bats after seeing tonight.. even with Bebo back‚Ä¶ At least our starting pitching is ‚Äúel‚Ä¶ https://t.co/cgGo3Rk1Wq
1517722955811151872,EscobarAiello,Sat Apr 23 04:32:05 +0000 2022,-122.4359785,37.7706565,@polyesthercloth This looks like one of the thumb security guards from spy kids 1 quit his job as a henchman for a‚Ä¶ https://t.co/himt7dNE6O
1517722957208076288,pacorayones,Sat Apr 23 04:32:05 +0000 2022,-100.1687175,25.778679,Cobardes
1517722957031911424,carlostpa10,Sat Apr 23 04:32:05 +0000 2022,-73.9685415,40.780709,@MGL142 Do it the more rowdies the better üíöüíõ https://t.co/raPtEI8VvD
1517722957124182016,hrbekroenick,Sat Apr 23 04:32:05 +0000 2022,-93.2050555,45.165333000000004,@AgarWoodCapital @blind_nut @SullyBusiness And I got into a job where I learned a lot and provided value. My bigges‚Ä¶ https://t.co/Qnps8cowLY
1517722958692716544,BrahinHB,Sat Apr 23 04:32:05 +0000 2022,-117.9987325,33.692542,Love that Lux hustle to first
1517722958743048192,Leehah88,Sat Apr 23 04:32:05 +0000 2022,-116.546059,33.90492,Im sleepy af
1517722960382947328,2xShakur,Sat Apr 23 04:32:06 +0000 2022,-122.2286855,37.791994,The Gods definitely be showing up and out for ya boy lately! ‚òÄÔ∏èüåÖüôèüèæ #THOROUGH https://t.co/q9nOP15x1K
1517722964954812417,hawkeyblog,Sat Apr 23 04:32:07 +0000 2022,-122.630908,45.536402,I love you @WHLGiants
1517722968880689152,ctschoolsucla,Sat Apr 23 04:32:08 +0000 2022,-117.104989,32.810012,@LA_StudentsDsrv organizer &amp; CTS undergraduate researcher @lilbit_lila &amp; CTS doctoral researcher @MiguelECasar bega‚Ä¶ https://t.co/jir2n0zJwJ
1517722970206126080,JaniceNightowl,Sat Apr 23 04:32:08 +0000 2022,-93.6063695,41.5764375,@pulte My notifications are on; I am reTweeting.
1517722968834678786,LustRashad,Sat Apr 23 04:32:08 +0000 2022,-80.13296249999999,25.816965500000002,Plan b ‚ÄúMy pussy the most expensive meal you‚Äôll ever eat‚ÄùüçâüçÄ‚Äù https://t.co/4gZTmp3bcb
1517722970562646017,DeadSilanceTV,Sat Apr 23 04:32:08 +0000 2022,-75.77004099999999,42.746617,@NoLifeShaq  You should listen to artist called Sha Mula trust me you wont regret it...Hopefully you see this bro  https://t.co/e5WSLMN0FU
1517722971120357377,ChrisGullette_,Sat Apr 23 04:32:08 +0000 2022,-122.4359785,37.7706565,@JeffShotts1 @dlseuss @GraywolfPress Such fantastic news! Thrilled for Diane and this extraordinary book!
1517722971279925248,ZachFromTexas,Sat Apr 23 04:32:08 +0000 2022,-97.754724,30.323345500000002,First date with @NickGothardVA:We watched Fiddler on the Roof
1517722975885316097,DaddioPurple,Sat Apr 23 04:32:10 +0000 2022,-89.2665075,39.7393005,@RobertKSUfan This was in the old days where you could drive at 14 in Kansas.  I was 19 looking like a 14 yo.
1517722978322165760,VincentMTiberi,Sat Apr 23 04:32:10 +0000 2022,-79.741517,39.895677,"Ugghhhh‚Ä¶ hate admitting this, but been bumping the Eagles pretty hard here lately ü¶Ö"
1517722978657595392,simerip,Sat Apr 23 04:32:10 +0000 2022,-112.3152115,33.4392955,Great perspective.
1517722979593076736,JackedTrades,Sat Apr 23 04:32:10 +0000 2022,-79.2725695,43.629311,@WholeMarsBlog @elonmusk Lol! Did he say something recently?
1517722979869863936,SunnyBeSilly,Sat Apr 23 04:32:10 +0000 2022,-97.432425,27.737151,I can‚Äôt remember the difference between flora and fauna
1517722980243152896,starshiptroopr,Sat Apr 23 04:32:11 +0000 2022,-80.134986,26.3739755,@donja1234 @scb1932 @OccupyDemocrats Just looking at here creeps me out. Reminds of when director wants you to see‚Ä¶ https://t.co/Vio8YnTQgX
1517722980348014593,ArWheelz,Sat Apr 23 04:32:11 +0000 2022,-100.0768885,31.1688935,@4_bandre @mouthy_mom_ Don't pay! Don't offer Commitment.  Don't appease their hunger for attention.
1517722982864633856,VivaLaDevy,Sat Apr 23 04:32:11 +0000 2022,-86.611411,34.7060265,"@IM_LIT I‚Äôm psychic, I know everything"
1517722984181600257,padillajeremy85,Sat Apr 23 04:32:12 +0000 2022,-76.62048200000001,39.284712999999996,@Ky_Kiske2 Hey ky
1517722986165514242,AnsellMacey,Sat Apr 23 04:32:12 +0000 2022,-82.405338,32.219141,My friend done got drunk of 5 drinks
1517722985934770176,BbwSlayher,Sat Apr 23 04:32:12 +0000 2022,-74.066663,40.7180015,@such_a_vibee Lol chill https://t.co/mUKwv0YTfo
1517722986463305729,clarkecrew1,Sat Apr 23 04:32:12 +0000 2022,-82.6694675,40.365159500000004,@tedcruz MAGA an acronym for what?
1517722986672889857,_elizaxo,Sat Apr 23 04:32:12 +0000 2022,-118.1567105,33.809171500000005,Someone come take me out for a drink
1517722987147022337,the_art_0f_war,Sat Apr 23 04:32:12 +0000 2022,-83.804475,27.698681999999998,@RayJack97010720 Lol I just want to work yesterday. Today I went to work huh I must really respect my job
1517722987117559808,WheresDJ,Sat Apr 23 04:32:12 +0000 2022,-92.43083899999999,35.0731115,"I be never had a place by myself, I‚Äôve always had a roommate‚Ä¶ ü§î"
1517722986958114816,texmrsport,Sat Apr 23 04:32:12 +0000 2022,-121.8737305,37.331159,Mine would have been 8 Track and it would be Freddy Fender. https://t.co/wLAasZ7NsM
1517722987398455298,vabaddie97,Sat Apr 23 04:32:12 +0000 2022,-118.4119065,34.0207895,@kierracherise_ @DrewAfualo We just be chilling in the cut either smoking or vibing fr fr
1517722988963000325,o_eisenhauer,Sat Apr 23 04:32:13 +0000 2022,-110.9155735,32.1893905,Tied at 6 at the end of nine in Tucson. Headed to extras!
1517722988623409152,spamcoochies,Sat Apr 23 04:32:13 +0000 2022,-73.993982,40.753343,look at her‚Ä¶ https://t.co/8SOC5Wiyqy
1517722989395013632,tenankius,Sat Apr 23 04:32:13 +0000 2022,-115.133373,36.24912449999999,MY SURGERY IS GONNA TAKE 15 MINUTES????? 15 MINUTES BRUH
1517722989571321858,wrightontheleft,Sat Apr 23 04:32:13 +0000 2022,-89.5694915,44.900818,Watching Ted Lasso for the first time with the wife. She suggested we should be Ted and Rebecca for Halloween this‚Ä¶ https://t.co/sMjX5t7pul
1517722989113921536,AuteliGG,Sat Apr 23 04:32:13 +0000 2022,-117.874032,33.617638,update; bought a camera https://t.co/04rOfS0dW7
1517722990989000704,Isaiah2nice,Sat Apr 23 04:32:13 +0000 2022,-97.71558250000001,26.196365,@ProbablyHuman15 Mf stfu
1517722992733835265,awhitehorse,Sat Apr 23 04:32:14 +0000 2022,-96.347781,30.6658585,@JackPosobiec Not surprised.
1517722993194983424,PaulGaleNetwork,Sat Apr 23 04:32:14 +0000 2022,-118.4119065,34.0207895,@NintendoCanada Such a cool get!
1517722991999782913,MercuryLoungeNY,Sat Apr 23 04:32:13 +0000 2022,-73.98663,40.722202,Tonight&gt;&gt;&gt; #livemusic #music #band #mercurylounge https://t.co/XblOL6cFSd
1517722995195842560,Landyachtpilot,Sat Apr 23 04:32:14 +0000 2022,-97.34962300000001,41.432621999999995,@BooksUndCoffee @PooleSide @Lukohss @LadyVanessaSnow @SueWoollatt @Tyler_356 @laurel53 Keep telling yourself that w‚Ä¶ https://t.co/uomHTcOCMw
1517722995476684802,mrsrosamaria22,Sat Apr 23 04:32:14 +0000 2022,-118.0767455,33.9072505,@RafranzDavis If you‚Äôre near Los Angeles this is happening https://t.co/fCQ5xBwVFL
1517722999184510977,Groovystevo2,Sat Apr 23 04:32:15 +0000 2022,-118.1567105,33.809171500000005,@Iottacake @arunextdoor ko syndrome has no cure i‚Äôm afraid
1517722999910125568,Kxxrinaaaxx,Sat Apr 23 04:32:15 +0000 2022,-117.66185300000001,34.119646,everything is going my way üåû
1517723000581337089,IrishmanInWV,Sat Apr 23 04:32:15 +0000 2022,-80.18183450000001,38.9201425,@MissFJB2022 Wow! Congrats!
1517723000723755009,larkfaye,Sat Apr 23 04:32:15 +0000 2022,-114.08852999999999,46.7571475,@TaylorNichola20 Mine has 93 degree bars and it‚Äôs not as versatile as I‚Äôd like it to be
1517723000631664640,Gowan_Griffen,Sat Apr 23 04:32:15 +0000 2022,-71.4218325,41.817084,@GavinNewsom Allegedly https://t.co/TvxQRQ2Hjl
1517723000950247425,Kaotic1music,Sat Apr 23 04:32:16 +0000 2022,-110.9155735,32.1893905,Cam we show some ‚ù§ to @Stonerbree420 she's one great human being.Oh and a square üòâüòÅFind her on onlyfans üëÄ https://t.co/BMmjC8bkw1
1517723001977987072,Desiree27467038,Sat Apr 23 04:32:16 +0000 2022,-75.3864605,39.1450235,"Good grief,she's so full of herself."
1517723002884005888,Rmplstlskn,Sat Apr 23 04:32:16 +0000 2022,-82.470504,27.284022,@wilder_rose_ I'm totally erect...I mean... I'm totally wrecked üî•üåπ
1517723003206967298,parldotblog,Sat Apr 23 04:32:16 +0000 2022,-79.2725695,43.629311,You need to feel what it‚Äôs like to be in the same room as me. üòÜLOL.
1517723005614448640,ashontheradio,Sat Apr 23 04:32:17 +0000 2022,-85.7682405,37.822244,It‚Äôs a man‚Äôs world‚Ä¶
1517723005870297089,spamcoochies,Sat Apr 23 04:32:17 +0000 2022,-74.1119715,40.7922005,@reptileluvr666 yess
1517723008718278657,jlvxc_,Sat Apr 23 04:32:17 +0000 2022,-95.44648649999999,29.838495,I need/want to cry but i'm so numb
1517723009242386433,EroticaGood,Sat Apr 23 04:32:17 +0000 2022,-121.716454,37.931388,@SxarletRed Political sayings work better when they rhyme.
1517723009917677568,hksguy,Sat Apr 23 04:32:18 +0000 2022,-104.92209349999999,39.713563,"@cheddachaz Man, he needs to work on his real-time vision. I feel he peeps for a full game and just plays lineups without adjustments"
1517723010748268545,Cantbanthepearl,Sat Apr 23 04:32:18 +0000 2022,-90.011008,29.982601,@camjordan94 It is be there Sunday bro
1517723010605764609,kelzwithaz,Sat Apr 23 04:32:18 +0000 2022,-98.716992,35.3090465,The Ultimatum is just chaos. So much crazy. https://t.co/gKODd5ZzFM
1517723011532476416,AlfredPapadakis,Sat Apr 23 04:32:18 +0000 2022,-118.4119065,34.0207895,"@ArtChatkoo Donnie: Where are you going, Dude?The Dude: I‚Äôm going home, Donnie. Donnie: Your phone is ringing, Du‚Ä¶ https://t.co/1fexOuJ9dR"
1517723011683606529,garrett_cote,Sat Apr 23 04:32:18 +0000 2022,-72.54558449999999,42.1130625,He don‚Äôt even sound like he believes what he‚Äôs sayingüòÇ
1517723012803485696,lorincaricature,Sat Apr 23 04:32:18 +0000 2022,-96.7617535,32.819858499999995,@ThatGirlSabs ‚ÄúI survived the Joker‚Äôs parade attack &amp; all I got was this lousy T-shirt.‚Äù
1517723014460178433,Spiceymammii,Sat Apr 23 04:32:19 +0000 2022,-118.94390050000001,34.185039,Don‚Äôt play wit me
1517723017538940929,ohthats_lyn,Sat Apr 23 04:32:19 +0000 2022,-84.433106,33.7671945,"I really don‚Äôt be wanting to be bothered, that‚Äôs why this Nigga don‚Äôt have the new number now. At this point buy Kh‚Ä¶ https://t.co/WjrpxQ7ChO"
1517723020932001792,Terrible_TerriC,Sat Apr 23 04:32:20 +0000 2022,-104.92209349999999,39.713563,"@BolognaFishMD @VincentRK So the game is to prove that strategies like lockdowns, vaccines, and masks are worthless‚Ä¶ https://t.co/qX7NVUenqW"
1517723020936331264,TKoppe22,Sat Apr 23 04:32:20 +0000 2022,-81.394759,30.193202999999997,@kstate_kj Gonna delete all of this tomorrow ..
1517723021699694592,ZachFromTexas,Sat Apr 23 04:32:20 +0000 2022,-97.754724,30.323345500000002,Ok fine it was the second date but the point still stands
1517723023280771072,blythecreek,Sat Apr 23 04:32:21 +0000 2022,-122.005153,45.3507765,"@TheRickWilson @GOPLeader Ah, vying for the job if GOP wins back the house in Nov."
1517723026040651777,Duhmeatree,Sat Apr 23 04:32:21 +0000 2022,-122.2816065,37.9941325,@Raider_Rue You can‚Äôt escape stick drift https://t.co/f405rykLcA
1517723028246966272,RAlester76,Sat Apr 23 04:32:22 +0000 2022,-85.9785995,35.8305215,@Faungirl123 ‚Ä¶and you‚Äôre offering me how much for thisü§î
1517723028402192385,AndrewRyHolder,Sat Apr 23 04:32:22 +0000 2022,-73.9685415,40.780709,Pretty miserable about how my life has turned out. üòê
1517723028578357248,MaddyHudak_94,Sat Apr 23 04:32:22 +0000 2022,-90.011008,29.982601,Ugh I‚Äôm legit squeamish watching Ingram trying to gingerly walk this off
1517723029366837250,DavidNelamsJr,Sat Apr 23 04:32:22 +0000 2022,-92.01241300000001,30.088725500000002,@LFAfighting it didn‚Äôt take long for the #IronPole 2 put the HW DIV. On notice!!@rkruck @MikeMav22 that was a hellu‚Ä¶ https://t.co/ChGoYUvKqG
1517723030465744898,JustinCone6,Sat Apr 23 04:32:23 +0000 2022,-100.0768885,31.1688935,@AsterlynLucrada @KaiHuaDraw @meramizu Quick preform an Odesseus
1517723031136874496,chaunceytuck,Sat Apr 23 04:32:23 +0000 2022,-86.8565595,33.1247005,I want those coaching Nike quarter zips make it happen @Nike
1517723031296110592,1kimmar,Sat Apr 23 04:32:23 +0000 2022,-118.4119065,34.0207895,"@Spideythefifth @Judes_Law310 @bigredgaymer @TropDePieds @stormrobinson Let's see your pic, Gandalf. Or are you really Brad Pitt?"
1517723031099084801,cshoap,Sat Apr 23 04:32:23 +0000 2022,-86.9256115,35.7297115,@gocanes0228 One of my co-workers trains them &amp; had Jade in the office today. https://t.co/Yhz38uCFaX
1517723032969637888,dallas_hartwell,Sat Apr 23 04:32:23 +0000 2022,-121.9719265,38.362843999999996,"@MarcusAllenHOF ran for 1759 yards in 1985.He played for 12 more years, retiring first all time in rushing scores‚Ä¶ https://t.co/XGntCE2uOS"
1517723034794270721,Qamarcheema,Sat Apr 23 04:32:24 +0000 2022,-76.627516,39.4939495,Commentator @sumitp191 says Global media criticised India on Human Rights does not make difference as India is impo‚Ä¶ https://t.co/fM4rV2oXQ1
1517723034995462144,maaamof4,Sat Apr 23 04:32:24 +0000 2022,-122.2816065,37.9941325,"@MurderSmall , @AMorbidPodcast Late to the party I know, but holy molyCAPTURING THE FRIEDMANS"
1517723035394093056,KearaJean2,Sat Apr 23 04:32:24 +0000 2022,-100.0768885,31.1688935,If them mountains are blue it goes down smoothüòÆ‚Äçüí®ü§ùüçª
1517723035826016256,Afrolatinogod,Sat Apr 23 04:32:24 +0000 2022,-80.45211649999999,25.479449000000002,I loveeeed this show pinky dinky doo was my shit
1517723036568502273,Richtorr406,Sat Apr 23 04:32:24 +0000 2022,-88.1844355,42.028125,@bestsongiheard Glad I read the article because I was going to say Question.  GC and company did a fantastic version of that song.
1517723037793095680,__bettydigital,Sat Apr 23 04:32:24 +0000 2022,-123.123581,49.257639,I wanna black out. :|
1517723037897961473,NickEustaquio,Sat Apr 23 04:32:24 +0000 2022,-111.931711,34.1682535,Hot coffee is my literal lifeblood
1517723037797343234,jfreshakarico2,Sat Apr 23 04:32:24 +0000 2022,-96.87995749999999,32.924548,I want @ImKeithDavid to voice a Digimon villain
1517723038107766785,LadyCiers,Sat Apr 23 04:32:24 +0000 2022,-84.6564475,38.989258,Home üè° ‚ù§Ô∏èüôèüèæ
1517723037365379072,TracedThurman,Sat Apr 23 04:32:24 +0000 2022,-97.754724,30.323345500000002,Omg you discard the dead character cards on the couch because that‚Äôs where you put the bodies! üòÇ https://t.co/ZlFjAcgfRc
1517723038556504064,JakeC216,Sat Apr 23 04:32:24 +0000 2022,-81.84886,41.470205,We‚Äôre gonna need a big boat
1517723038959214592,SheenTennantFan,Sat Apr 23 04:32:25 +0000 2022,-83.1738665,32.6782075,@Catastrfy ü•∞ü•∞ü•∞ü•∞ü•∞ü•∞ü•∞ü•∞ü•∞ü•∞ Thank you! I'm glad someone likes my nerdy stuff. ü§£
1517723039156228096,bob29790056,Sat Apr 23 04:32:25 +0000 2022,-118.377313,33.854669,@PamelaHensley22 I will watch his debut. Then never again. But this loon will make an impressive entrance.
1517723039097659394,wordnewslady,Sat Apr 23 04:32:25 +0000 2022,-80.926628,33.6311395,Can't wait to seeBeth Hart in concert! - *The Thankful Tour* üòä  Charleston Music Hall Tuesday May 3rd. üéâ‚Ä¶ https://t.co/tdCjnmW4wY
1517723039663763456,spicynita94,Sat Apr 23 04:32:25 +0000 2022,-87.732013,41.8335845,King Latifah the craziest thing to hit my TL
1517723039978373120,JoseWorldPeace,Sat Apr 23 04:32:25 +0000 2022,-95.44648649999999,29.838495,Why did we trade this mfer man.
1517723042293501952,freespirit5,Sat Apr 23 04:32:25 +0000 2022,-123.480062,48.426763,@ericteichmiller Yellow-dumped Warbler https://t.co/o1ENf0vrs8
1517723043535151104,railman305,Sat Apr 23 04:32:26 +0000 2022,-75.1647368,39.9253661,Elon a true legend
1517723044395036673,dpolus,Sat Apr 23 04:32:26 +0000 2022,-85.569871,42.1979655,"@draythomas1030 I have a friend who made me some Elliott mixes. I like his stuff, but can't listen to it in large d‚Ä¶ https://t.co/5j33b5c17V"
1517723044067823618,doyle_dearman,Sat Apr 23 04:32:26 +0000 2022,-79.9880065,40.4844,"@JerasIkehorn I don't remember this is a valid answer?? Hopefully her opponent will pound people with her answers,‚Ä¶ https://t.co/NpKsiDaUZI"
1517723044076208128,bowdon_baseball,Sat Apr 23 04:32:26 +0000 2022,-83.1738665,32.6782075,Congrats to our BMS baseball squad for a runner up finish in the small school division. Came up just short to‚Ä¶ https://t.co/dp3kX8kEKn
1517723044680192006,dihicobra,Sat Apr 23 04:32:26 +0000 2022,-77.0143985,38.898602999999994,Lyft driver's hilarious menu of 10 different types of ride options is pure genius https://t.co/d22fBDOs28
1517723046211207168,Jay_Edlin,Sat Apr 23 04:32:26 +0000 2022,-84.433106,33.7671945,@devahaz Ahh yes. So good!
1517723046198587395,Jodieflex,Sat Apr 23 04:32:26 +0000 2022,-98.5406515,29.417501,"Bruh the villain era is necessary. I need a year of focus , fuck you's, and W's under my belt."
1517723045405806599,1Vtop,Sat Apr 23 04:32:26 +0000 2022,-75.117998,40.0048655,I‚Äôm Nuttin In Ya Guts üí¶üí¶https://t.co/TLVuS5KXfh https://t.co/fKB6EENzed
1517723048107036672,KUrquiaga,Sat Apr 23 04:32:27 +0000 2022,-95.44648649999999,29.838495,@DollyCol22 Respect! üòç
1517723048761339904,XedoBandito,Sat Apr 23 04:32:27 +0000 2022,-76.351024,40.003480999999994,@harrisburgers Best way to ensure they absolutely show up is to ban them. Everything they do is a troll job to prov‚Ä¶ https://t.co/jnc1WNnEG7
1517723049600069638,ValleJ25,Sat Apr 23 04:32:27 +0000 2022,-118.4119065,34.0207895,@drewcophoto Looking at her like https://t.co/jlA7VNuPHW
1517723051265306625,JuanR229,Sat Apr 23 04:32:28 +0000 2022,-97.4002905,32.8028475,"Scared money, don‚Äôt make money"
1517723050980134918,IndonesiainDC,Sat Apr 23 04:32:27 +0000 2022,-77.0143985,38.898602999999994,We also had the honor to welcome #MenkeuSMI who gave a speech regarding the importance of gender equality in all as‚Ä¶ https://t.co/rYPifQGzru
1517723051734933504,WillTheLandMan,Sat Apr 23 04:32:28 +0000 2022,-118.4119065,34.0207895,Was gonna get up to grab pizza and then the Mets made it a one run game so we‚Äôll see if it‚Äôs pizza if they can wrap‚Ä¶ https://t.co/DnP7PQunjV
1517723051923849216,SHEwnt2Jareds,Sat Apr 23 04:32:28 +0000 2022,-84.2733985,33.703427500000004,@JalenRose I remember. They desired that. I remember that
1517723054725640197,dirtybird0025,Sat Apr 23 04:32:28 +0000 2022,-89.2665075,39.7393005,"@JazzyJeffRealT1 I'll admit that I'm not a purist....never read a single comic, but batman IS my fav super hero cau‚Ä¶ https://t.co/rNG2JYi9GS"
1517723053794336768,Choreogerapher1,Sat Apr 23 04:32:28 +0000 2022,-77.0143985,38.898602999999994,"@CEOSONSON doing a #moodswingsmakeoverchallenge #moodswings #challenge #makeover get wit dis and show you a ""Boss b‚Ä¶ https://t.co/IvGB2AILEq"
1517723055279288322,VoodooStomp,Sat Apr 23 04:32:28 +0000 2022,-106.488965,31.757288,"Let‚Äôs get the weekend started, check us out tomorrow night April 23rd live at @B17BombersPub with Heinous Mutation‚Ä¶ https://t.co/3bX8c9zl51"
1517723056550031360,FortunaMaj0r_,Sat Apr 23 04:32:29 +0000 2022,-119.30660750000001,37.2691755,Light pollution‚Ä¶. What a concept!
1517723057871155200,CailinasEirinn,Sat Apr 23 04:32:29 +0000 2022,-123.93499800000001,49.1745345,"@Brogersca You are a despicable person. Peter Lougheed would hang his head in shame. Go back to kindergarten, w‚Ä¶ https://t.co/1mpk8TANyD"
1517723058819108864,shomphe_steve,Sat Apr 23 04:32:29 +0000 2022,-118.40026399999999,33.9166485,@mikepompeo Unless your parents are stupid.
1517723059553251329,Richardtoolbox,Sat Apr 23 04:32:29 +0000 2022,-74.7243235,40.073040500000005,@MomSingleBlack Definitely. Now if we can just end qualified immunity.
1517723060287070211,tylermcadams3,Sat Apr 23 04:32:30 +0000 2022,-118.75462999999999,34.1470785,I like black timbs and black hoodies
1517723060069142528,MVNativeWampum,Sat Apr 23 04:32:30 +0000 2022,-70.599763,41.449223,When I hold this belt I feel its power.  I feel the immense pull of its gravity.  Its energy courses through me.  I‚Ä¶ https://t.co/AAD0ptpEWO
1517723061302272002,t4yy__,Sat Apr 23 04:32:30 +0000 2022,-85.60148849999999,43.043594,why am i so crazyü´†
1517723064703717377,KILAMXNHOJ,Sat Apr 23 04:32:31 +0000 2022,-116.5172895,33.8250795,@drnukx he aint said shit in hours i feel bad üò≠üò≠üò≠
1517723064951185408,slmdoge,Sat Apr 23 04:32:31 +0000 2022,-104.92209349999999,39.713563,"‚ÄúDay destroys the night,Night divides the day.Tried to run,tried to hide, Break on through to the other side!‚Äù had‚Ä¶ https://t.co/EHyIGfb3PM"
1517723066943500288,818Polo,Sat Apr 23 04:32:31 +0000 2022,-118.4119065,34.0207895,"@sloungerie Hating ass foo‚Äôs, don‚Äôt let ‚Äòem ruin a good time ü•Ç"
1517723067249831939,DQ2208,Sat Apr 23 04:32:31 +0000 2022,-102.33336399999999,33.919441500000005,@ClayGraves1 Thank you! Yea he is the best! I hope he's doing well.
1517723069653012480,ryanpcooney,Sat Apr 23 04:32:32 +0000 2022,-112.021045,46.597516999999996,@BriMT23 Your kid has taste üëå Glad you enjoyed üòä
1517723070072385536,blasianBronson,Sat Apr 23 04:32:32 +0000 2022,-119.7824645,36.786041999999995,Todo de ti slaps sorry lol
1517723070420504576,riehle_deal,Sat Apr 23 04:32:32 +0000 2022,-121.73916299999999,38.5585535,@HaydenM16 @Amtrak coast starlight?
1517723075717918720,melaniecraycray,Sat Apr 23 04:32:33 +0000 2022,-118.4119065,34.0207895,No fr idc
1517723077727035393,HelenShapiro54,Sat Apr 23 04:32:34 +0000 2022,-117.46269799999999,34.1081605,@joncoopertweets ‚úãI‚Äôve been ready for a long time
1517723077852942336,sabannation64,Sat Apr 23 04:32:34 +0000 2022,-86.6807375,32.576227,@GODsent985 @SandyToTheWxndy @jarrod48118284 @EasyMoneyTy_ What no turd talk!? What gives turd sucker!?
1517723078285041664,seismically,Sat Apr 23 04:32:34 +0000 2022,-73.9685415,40.780709,HELP https://t.co/JROM6BmIr7
1517723079509790720,karachite10,Sat Apr 23 04:32:34 +0000 2022,-87.793835,42.039429,@YousafK093 @OryaMaqboolJan #ÿßŸÖŸæŸàÿ±Ÿπ⁄à_ÿ≠⁄©ŸàŸÖÿ™_ŸÜÿßŸÖŸÜÿ∏Ÿàÿ±Keep up the good work. It's tough and hard but you will get the best reward from Allah
1517723080625295362,Weathergeek051,Sat Apr 23 04:32:35 +0000 2022,-94.4345195,39.2396655,"Roughly 300 a week in tips, 1200 a month, 14,400 on tips, 13k on hourly is my yearly with my new job"
1517723081170513921,PadresWes,Sat Apr 23 04:32:35 +0000 2022,-116.8710985,33.043951500000006,Please score at least 1 more run.
1517723081388789765,BlondeFein,Sat Apr 23 04:32:35 +0000 2022,-87.9672925,43.0567225,Enjoyed Kay Williams show tonight!
1517723084303880194,missjuliek,Sat Apr 23 04:32:35 +0000 2022,-77.60468399999999,41.1179365,Two Braves legends here: Alex Jackson and Abraham Almonte
1517723086170345473,seismically,Sat Apr 23 04:32:36 +0000 2022,-73.9685415,40.780709,@obiyeet bath &amp; bed bath &amp; body
1517723087189381120,_gamblesmedia,Sat Apr 23 04:32:36 +0000 2022,-105.22859349999999,35.605380499999995,Visit My Sunflower Land Farm üëáhttps://t.co/L8hOc8059i
1517723088040964099,cari72375,Sat Apr 23 04:32:36 +0000 2022,-73.993546,40.2943565,@pulte Very busy but good how has yours been?
1517723088183607299,JJTHATBITCH17,Sat Apr 23 04:32:36 +0000 2022,-73.9192205,40.693238,I love my brooklyn nail tech happy late 4/20 hope yall smoke a blunt cause i did ü§£üò© https://t.co/XLx7UpEbmS
1517723089747931136,various_notes,Sat Apr 23 04:32:37 +0000 2022,-115.152859,36.157538,"thank you, Chef Nick üôèü§üü§å https://t.co/67kLTXXJAx"
1517723090486104064,coolhandroro,Sat Apr 23 04:32:37 +0000 2022,-115.223125,36.232915,Apparently he eats a plate of spaghetti before a game so I rest my case
1517723091517980673,Marshal16597747,Sat Apr 23 04:32:37 +0000 2022,-92.4367735,38.3045585,@lonquest @DaunyaK @theprofessr18 @RBMEllis @PaulCogan What is you shiltion thenWhat life ain't wroth living for t‚Ä¶ https://t.co/5aJbg0kbQu
1517723092126158850,DraftVogel,Sat Apr 23 04:32:37 +0000 2022,-85.9785995,35.8305215,"@NotSoAngryScout As much as I think Kenny Pickett is overhyped, he has upside. He‚Äôs just got a long ways to go lol"
1517723092499509251,armanic111,Sat Apr 23 04:32:37 +0000 2022,-94.628608,38.915593,Ice and Fire https://t.co/slpmBG2jcP via @YouTubeüá∫üá∏üíìüá∫üá¶üò±
1517723093535391745,BigBabyHusky,Sat Apr 23 04:32:38 +0000 2022,-117.3989635,34.060758500000006,"@ampereinsulated That‚Äôs a good way to cover up, any other theme parks besides Disneyland, I cover up with a sweaterüòÅ"
1517723094261055489,djnitro126,Sat Apr 23 04:32:38 +0000 2022,-97.079654,32.931834,"A recent profile I read on tinder‚Ä¶.. ‚Äúsingle with 11 kids of which 7 stay with me,so I don‚Äôt have time for games wi‚Ä¶ https://t.co/w3ez3QcAFq"
1517723094927831040,ErikSarni1,Sat Apr 23 04:32:38 +0000 2022,-118.15002,34.041352,#CIFLACS ‚öæÔ∏è Final Cesar Ferrer pitches complete game for the Bulldogs #GarfieldBulldogs üê∂ 9#RooseveltRoughRiders‚Ä¶ https://t.co/s9v5TagVHB
1517723096949612544,iamaushila,Sat Apr 23 04:32:38 +0000 2022,-95.44648649999999,29.838495,Y‚Äôall sleep on @VedoTheSinger üî•üî•
1517723097515892740,jtkemper,Sat Apr 23 04:32:39 +0000 2022,-112.021045,46.597516999999996,@srhoyleKTVH @CCSaints Awesome dude!  WTG!
1517723098631577600,ianjoley,Sat Apr 23 04:32:39 +0000 2022,-118.4119065,34.0207895,im the type of person that will go to gay bar &amp; enjoy my young life ü§©
1517723100057538561,KossTaylor,Sat Apr 23 04:32:39 +0000 2022,-90.8616135,38.8168005,imagine thinking a hot dog isnt a sandwich üôÑ couldn‚Äôt be me ü§∑üèª‚Äç‚ôÄÔ∏è
1517723101643034624,officialmdk_,Sat Apr 23 04:32:40 +0000 2022,-83.804475,27.698681999999998,ya done
1517723103345795072,AndyLucas,Sat Apr 23 04:32:40 +0000 2022,-118.36964499999999,34.0870095,"Big fan of every finalist tonight, but BIGLY proud of little @WillowPillQueen who rocked the fuck out of this seaso‚Ä¶ https://t.co/eE9Srddlzp"
1517723103383613442,ConnorS52613955,Sat Apr 23 04:32:40 +0000 2022,-121.79644400000001,37.9856605,OR GONE https://t.co/7JX7EH5pfK
1517723104159670272,vers1205,Sat Apr 23 04:32:40 +0000 2022,-85.6981875,38.3351355,@Jmafia On my way!
1517723105166184448,Lenchws29,Sat Apr 23 04:32:40 +0000 2022,-118.068689,33.8669655,@AuthorKimberley It's the Hypocrisy for me. The fact that he's a freak in the sheets and not in the streets is not my business.
1517723105363386368,FlyinSparxx,Sat Apr 23 04:32:40 +0000 2022,-79.1952875,42.119747000000004,"The lady doth protest too much, methinks. https://t.co/ItxGb81UBw"
1517723106479026176,sirmeechiael,Sat Apr 23 04:32:41 +0000 2022,-106.4174305,31.793368,@Its4justin Bitch so i lied??
1517723108060319744,Lark_NessMonsta,Sat Apr 23 04:32:41 +0000 2022,-91.40100849999999,30.937336000000002,@DustinLDavis We haven't gotten a call all night
1517723109830369280,kat_films,Sat Apr 23 04:32:41 +0000 2022,-71.1486405,41.6861005,"My pleasure @LeviPer50565975 &amp; thank you as well! I'm really excited for this film too, since it's the 1st well be‚Ä¶ https://t.co/pKjSiLz3ss"
1517723111386456064,dkwright97,Sat Apr 23 04:32:42 +0000 2022,-77.101999,38.8808445,üéµand I‚Äôm proud to be an American üá∫üá∏ https://t.co/wZQcJfDJDT
1517723115261890560,TTVLock,Sat Apr 23 04:32:43 +0000 2022,-111.795567,40.378212500000004,"Walks in to walmart sees @Zurg___ packing up from the tournament, ‚ÄúHey Zurg‚Äù basically freaks out üòÇ"
1517723115006091264,SamSL33,Sat Apr 23 04:32:43 +0000 2022,-77.085747,35.120205,"All my life, been grindin' all my life https://t.co/UChxOsNl5j"
1517723116604035072,Goreshe,Sat Apr 23 04:32:43 +0000 2022,-111.81672549999999,40.6116385,@DrTeals I just wanted to say that I‚Äôm your biggest fan! I love all of your products. My favorite being your shea s‚Ä¶ https://t.co/Q0rbLMLc82
1517723117551902720,ChargeGoGroup,Sat Apr 23 04:32:43 +0000 2022,-118.4119065,34.0207895,@elonmusk will Mars Day be 4/20?
1517723118319673345,iamnyaaaaaah_,Sat Apr 23 04:32:43 +0000 2022,-97.28591349999999,32.7799665,"&amp; if anyyy nigga wanted you hoes , you would‚Äôve never had to borrow my sister car all mfnnnn night üòÇüòÇüòÖ"
1517723119372308480,jdgrover,Sat Apr 23 04:32:44 +0000 2022,-115.135165,36.0609645,@SeanPBali One of my favorite photos ever of my favorite player growing up. RIP flower.
1517723122421612544,AcunaAndrew,Sat Apr 23 04:32:44 +0000 2022,-73.32469,40.762128000000004,@thisbuggybee It‚Äôs one thing to write it as you go but at times it felt like the show wasn‚Äôt even keeping tabs on h‚Ä¶ https://t.co/N5fK90TF7C
1517723123856121857,MuvaMack,Sat Apr 23 04:32:45 +0000 2022,-71.812438,42.275760000000005,Just gotta accept a lot of shit
1517723124157992960,ChristianPaceRE,Sat Apr 23 04:32:45 +0000 2022,-117.397616,33.935822,Run that up!!!‚úÖüôèüèæüçæ
1517723124187471874,Coachrags29,Sat Apr 23 04:32:45 +0000 2022,-74.525611,39.395635999999996,@atlanticcape &amp; @AtlanticCCBball are you guys ready for year2? I can't stay enough about @NajhaeC let's welcome him‚Ä¶ https://t.co/r9UKSaeTSi
1517723125948899328,melaniecraycray,Sat Apr 23 04:32:45 +0000 2022,-118.4119065,34.0207895,RIGHT NOW
1517723127089811456,MeredithAguiar,Sat Apr 23 04:32:46 +0000 2022,-117.32087899999999,33.226316,@LSBR11 Yes they do and our JV is doing amazing this year.
1517723128452902913,jmichaelhill22,Sat Apr 23 04:32:46 +0000 2022,-112.12467649999999,33.5528625,Our party is filled with so much nihilism - an outright refusal to believe a change in public opinion is possible w‚Ä¶ https://t.co/fw2FruyUT4
1517723129438687232,9Monique14,Sat Apr 23 04:32:46 +0000 2022,-117.56583,34.1000299,Matthew‚Äôs Spring Break 2022 Photo Dump #family #knottsberryfarm #universalstudios #fun @ A Positive Light https://t.co/Bf5c46AJ8K
1517723130013229057,omg_arianahh,Sat Apr 23 04:32:46 +0000 2022,-121.6412685,36.6891495,"6 run game, get the fuck over it &amp; score some runs if you don‚Äôt like it"
1517723131116281857,ThisKidB,Sat Apr 23 04:32:47 +0000 2022,-122.2286855,37.791994,@billygil looks like we got some caballos on our squads..
1517723132370452480,jwa1994,Sat Apr 23 04:32:47 +0000 2022,-112.12467649999999,33.5528625,RHP Edwin Diaz on to pitch for the Mets.5-4 NYM | B9 #Dbacks
1517723132685000704,angel_inniss,Sat Apr 23 04:32:47 +0000 2022,-118.4119065,34.0207895,You ever wonder like when did I get the wifiiii?? I‚Äôm all in this bitch
1517723133796622337,bowdon_baseball,Sat Apr 23 04:32:47 +0000 2022,-83.1738665,32.6782075,Congrats to our BMS baseball squad for a runner up finish in the small school division. Came up just short to‚Ä¶ https://t.co/zYDSQmvnhh
1517723134421524480,_jaySpitta,Sat Apr 23 04:32:47 +0000 2022,-84.433106,33.7671945,I love myself bc I swear their life is just not as fun.
1517723135893721090,_isaabeelllaa,Sat Apr 23 04:32:48 +0000 2022,-96.29164850000001,30.585471499999997,@brittneybrione5 heck yeah!!! brittney supremacy üôá‚Äç‚ôÄÔ∏è https://t.co/CoEF59MN88
1517723136678146049,SOXSideBAM,Sat Apr 23 04:32:48 +0000 2022,-87.732013,41.8335845,I haven‚Äôt been able to drink what &amp; how I wanted to in almost 4 years so I‚Äôm making up for lost time shout out to my new kidney
1517723137722490881,ThaDangerousOne,Sat Apr 23 04:32:48 +0000 2022,-87.817402,41.829648500000005,Love to see it üëèüèæ
1517723139580510208,SoMontanta,Sat Apr 23 04:32:49 +0000 2022,-84.644926,33.779824000000005,So out the way https://t.co/GbfBNOm1KF
